dimension,value,rows,positives,target_rate,strong_auc,base_rank_blend_auc,strong_minus_base_auc
public_artifact_hypothesis,environmental_concern_eq_1,147476,834,0.00565515744934769,0.8357345710562114,0.8236973397782368,0.012037231277974625
Environmental_Concern_Level_quintile,"(2.0, 3.0]",127351,14126,0.11092178310339142,0.8646150578615756,0.8503841273099403,0.014230930551635268
Environmental_Concern_Level_quintile,"(0.999, 2.0]",282609,3723,0.013173678120654331,0.871849409483114,0.8632234670563156,0.008625942426798372
Environmental_Concern_Level_quintile,"(3.0, 4.0]",130469,32467,0.2488483854402195,0.877177960549679,0.8653791362944868,0.011798824255192186
Subsidy_Available,No,248756,1432,0.0057566450658476575,0.8834655848944533,0.8723728764765084,0.011092708417944852
Environmental_Concern_Level_quintile,"(4.0, 5.0]",128236,66463,0.5182865965875417,0.8835637447702621,0.8721686085798583,0.011395136190403776
Subsidy_Available,Yes,419909,115347,0.2746952315858912,0.9112721137367091,0.9040277627712457,0.007244350965463386
public_artifact_hypothesis,income_eq_30000,61605,2727,0.044265887509130755,0.9156368293169546,0.914737687408244,0.0008991419087105434
Annual_Income_USD_quintile,"(78915.0, 91619.0]",133990,22499,0.1679155160832898,0.9339453534371585,0.9293752516052325,0.004570101831925966
Range_Anxiety_Level,Medium,62499,2609,0.04174466791468664,0.9373504740804672,0.9323519015729681,0.004998572507499133
Annual_Income_USD_quintile,"(29999.999, 62671.0]",133803,8634,0.06452770117261945,0.9378993860203715,0.9323553772348662,0.005544008785505317
Annual_Income_USD_quintile,"(91619.0, 107798.0]",133470,27846,0.2086311530681052,0.938522154890928,0.933688250545549,0.004833904345379003
Annual_Income_USD_quintile,"(107798.0, 188549.0]",133724,41874,0.31313750710418475,0.939424444887661,0.9346174192796395,0.004807025608021487
Gender,Other,5284,918,0.1737320211960636,0.9409379469200008,0.9348375045035064,0.006100442416494323
City_Type,Rural,123983,23977,0.1933894162909431,0.9410011146922629,0.9367677625291516,0.00423335216311127
Charging_Stations_Near_Home_quintile,"(-0.001, 1.0]",138042,26431,0.19147071181234696,0.9428060386656025,0.9386107306918807,0.004195307973721807
Charging_Stations_Near_Work_quintile,"(-0.001, 3.0]",208686,38121,0.18267157356027716,0.9428474719061376,0.9384282425751297,0.004419229331007912
Home_Charging_Possible,Yes,462677,90601,0.1958191135500576,0.9428637296173149,0.9382562524364108,0.0046074771809041515
Annual_Income_USD_quintile,"(62671.0, 78915.0]",133678,15926,0.11913703077544548,0.9433308387950975,0.936153045496352,0.007177793298745461
Range_Anxiety_Level,Low,603972,114167,0.18902697476041935,0.9435654528950309,0.9390150379924876,0.004550414902543265
Daily_Commute_km_quintile,"(4.999, 28.3]",268102,51657,0.1926766678353761,0.9444413266570886,0.9401340601816606,0.0043072664754280066
Charging_Stations_Near_Home_quintile,"(1.0, 3.0]",160392,28601,0.17831936754950373,0.9445634140958119,0.9401524762334292,0.004410937862382669
Daily_Commute_km_quintile,"(28.3, 39.0]",133185,22741,0.17074745654540677,0.9447507389575667,0.9404019015468552,0.004348837410711459
Current_Car_Type,SUV,246545,44613,0.18095276724330245,0.9448097796508244,0.9403567655738152,0.004453014077009154
Age_quintile,"(34.0, 43.0]",136256,23750,0.17430425082198214,0.9452310400287424,0.9408217554712871,0.004409284557455262
Age_quintile,"(24.999, 34.0]",142341,24937,0.17519196858248853,0.9455029915481047,0.9414121205621464,0.004090870985958284
City_Type,Suburban,255377,46207,0.1809364194896173,0.9455672155624203,0.9410250817119081,0.0045421338505121645
Gender,Female,295427,52480,0.17764117700819493,0.9458924325902482,0.9415923366525565,0.004300095937691761
Current_Car_Type,Hatchback,79438,13846,0.17429945366197538,0.945947717726874,0.9416691146211202,0.0042786031057537866
Current_Car_Type,Truck,39223,6135,0.15641332891415752,0.946049422527307,0.9413618880436788,0.004687534483628131
Charging_Stations_Near_Work_quintile,"(5.0, 8.0]",145372,24823,0.17075502847866164,0.9460633693454736,0.9413398982190152,0.004723471126458434
Daily_Commute_km_quintile,"(39.0, 49.8]",133931,22797,0.17021451344348956,0.9462658580212461,0.9420380355061782,0.004227822515067925
Gender,Male,367954,63381,0.17225250982459764,0.9463014691411361,0.94199013176277,0.004311337378366087
Age_quintile,"(60.0, 69.0]",131899,21307,0.16154026944859323,0.9464177766794167,0.9420854838064949,0.004332292872921806
Age_quintile,"(43.0, 51.0]",124149,21758,0.17525715068184197,0.9464270609696419,0.9419654034171824,0.00446165755245953
Age_quintile,"(51.0, 60.0]",134020,25027,0.18674078495746904,0.9466422433709114,0.9422744810371986,0.004367762333712832
Current_Car_Type,Sedan,303459,52185,0.17196721797672831,0.9470861396331768,0.9429155768205035,0.004170562812673251
Charging_Stations_Near_Home_quintile,"(3.0, 5.0]",106678,17438,0.16346388196254147,0.9471162660216083,0.9429362303966426,0.004180035624965606
Charging_Stations_Near_Work_quintile,"(3.0, 5.0]",92209,16080,0.17438644817750978,0.9475070005879651,0.9437865819891074,0.0037204185988577443
Charging_Stations_Near_Work_quintile,"(12.0, 19.0]",124117,21094,0.16995254477629979,0.9476124361297523,0.9433899040758651,0.004222532053887229
Charging_Stations_Near_Home_quintile,"(5.0, 8.0]",133962,22126,0.16516624117286993,0.9477658696991118,0.9431856519481528,0.004580217750958959
City_Type,Urban,289305,46595,0.1610583985758974,0.9485243664258248,0.9443400324577459,0.004184333968078935
Charging_Stations_Near_Home_quintile,"(8.0, 14.0]",129591,22183,0.17117701074920327,0.9485572510632092,0.9443387840832455,0.004218466979963753
Daily_Commute_km_quintile,"(49.8, 98.7]",133447,19584,0.1467548914550346,0.9495498270977121,0.9450071449885968,0.004542682109115237
Charging_Stations_Near_Work_quintile,"(8.0, 12.0]",98281,16661,0.16952411961620253,0.9495908934938394,0.9453610744438211,0.004229819050018291
Home_Charging_Possible,No,205988,26178,0.12708507291686894,0.9510809367885285,0.9471976911954104,0.0038832455931180343
Range_Anxiety_Level,High,2194,3,0.0013673655423883319,0.9773315076829454,0.9713981439221056,0.00593336376083986
public_artifact_hypothesis,income_38000_to_42000,1277,2,0.0015661707126076742,0.9847058823529412,0.9356862745098039,0.0490196078431373
public_artifact_hypothesis,income_ge_170537,393,393,1.0,,,
